{
      "rdvq": {
            "alpha": [
                  0.05,
                  0.1,
                  0.15000000000000002,
                  0.2,
                  0.25,
                  0.3,
                  0.35000000000000003,
                  0.4,
                  0.45,
                  0.5,
                  0.55,
                  0.6000000000000001,
                  0.6500000000000001,
                  0.7000000000000001,
                  0.7500000000000001,
                  0.8,
                  0.8500000000000001,
                  0.9000000000000001,
                  0.9500000000000001
            ],
            "cvg": [
                  0.9680682895984825,
                  0.9481504900411002,
                  0.9323427126146064,
                  0.9010433133101486,
                  0.8681631362630414,
                  0.8289598482453366,
                  0.7853303825482137,
                  0.7366424280746127,
                  0.687006006955422,
                  0.6392665191274107,
                  0.5864685425229212,
                  0.5336705659184319,
                  0.4739171672462852,
                  0.4144799241226683,
                  0.3531457477078723,
                  0.29465697122984513,
                  0.23964590578564648,
                  0.17767941827379075,
                  0.1172937085045842
            ],
            "length": [
                  64.2914163768574,
                  43.91274106860573,
                  34.537306354726525,
                  28.12273158393929,
                  23.462298450837814,
                  19.452892823269053,
                  16.168495099589002,
                  13.96079671198229,
                  12.134018337021809,
                  10.601327853303825,
                  9.235267151438512,
                  8.003793866582363,
                  6.8492886500158,
                  5.733417641479604,
                  4.709611128675308,
                  3.706607650964278,
                  2.738128359152708,
                  1.8166930129623708,
                  0.8919854568447642
            ]
      },
      "dmmld": {
            "alpha": [
                  0.05,
                  0.1,
                  0.15000000000000002,
                  0.2,
                  0.25,
                  0.3,
                  0.35000000000000003,
                  0.4,
                  0.45,
                  0.5,
                  0.55,
                  0.6000000000000001,
                  0.6500000000000001,
                  0.7000000000000001,
                  0.7500000000000001,
                  0.8,
                  0.8500000000000001,
                  0.9000000000000001,
                  0.9500000000000001
            ],
            "cvg": [
                  0.9472809308952743,
                  0.8969365946331038,
                  0.8572785561624318,
                  0.8126335787223937,
                  0.7715507005461886,
                  0.7223937307052957,
                  0.6791735929707907,
                  0.6281168368558537,
                  0.5803847067204939,
                  0.531227736879601,
                  0.47755877463785323,
                  0.42483970553312755,
                  0.37687010211351224,
                  0.3296129185466635,
                  0.2799810021372595,
                  0.22939919259083352,
                  0.18095464260270722,
                  0.1325100926145809,
                  0.08121586321538832
            ],
            "length": [
                  57.44863452861552,
                  40.474091664687705,
                  32.14029921633816,
                  26.42137259558299,
                  22.248575160294468,
                  19.104986938969372,
                  16.272369983376876,
                  14.150463072904293,
                  12.450712419852763,
                  10.903942056518641,
                  9.502374732842558,
                  8.233768701021141,
                  7.0499287580147145,
                  5.912538589408688,
                  4.874970315839468,
                  3.842222749940635,
                  2.840049869389699,
                  1.8782711944906127,
                  0.9218831631441428
            ]
      }
}