{
      "rdvq": {
            "alpha": [
                  0.05,
                  0.1,
                  0.15000000000000002,
                  0.2,
                  0.25,
                  0.3,
                  0.35000000000000003,
                  0.4,
                  0.45,
                  0.5,
                  0.55,
                  0.6000000000000001,
                  0.6500000000000001,
                  0.7000000000000001,
                  0.7500000000000001,
                  0.8,
                  0.8500000000000001,
                  0.9000000000000001,
                  0.9500000000000001
            ],
            "cvg": [
                  0.8416060701865318,
                  0.8197913373379703,
                  0.7736326272526083,
                  0.6841606070186532,
                  0.659184318684793,
                  0.6168194751817895,
                  0.5504268099905154,
                  0.4875118558330699,
                  0.4565286120771419,
                  0.4072083465064812,
                  0.34808725893139425,
                  0.3202655706607651,
                  0.28201074928865,
                  0.2466013278533038,
                  0.19728106228264308,
                  0.15776161871640848,
                  0.11349984192222573,
                  0.07682579829276004,
                  0.039203288017704674
            ],
            "length": [
                  35.5654189061018,
                  29.487840657603535,
                  23.410262409105282,
                  18.596686689851406,
                  15.995115396775214,
                  13.393544103699021,
                  10.791972810622816,
                  9.273828643692699,
                  8.161969649067347,
                  7.050110654441987,
                  5.97262092949732,
                  5.238823901359458,
                  4.505026873221638,
                  3.771229845083789,
                  3.0846980714511463,
                  2.4548846032247886,
                  1.825071134998409,
                  1.1952576667720498,
                  0.5944103699019891
            ]
      },
      "dmmld": {
            "alpha": [
                  0.05,
                  0.1,
                  0.15000000000000002,
                  0.2,
                  0.25,
                  0.3,
                  0.35000000000000003,
                  0.4,
                  0.45,
                  0.5,
                  0.55,
                  0.6000000000000001,
                  0.6500000000000001,
                  0.7000000000000001,
                  0.7500000000000001,
                  0.8,
                  0.8500000000000001,
                  0.9000000000000001,
                  0.9500000000000001
            ],
            "cvg": [
                  0.8005224412253622,
                  0.7725005936832107,
                  0.7233436238423178,
                  0.6433151270482071,
                  0.6133934932320114,
                  0.5742104013298504,
                  0.5236285917834244,
                  0.4711469959629542,
                  0.42768938494419373,
                  0.3683210638803135,
                  0.30634053668962247,
                  0.27594395630491575,
                  0.2334362384231774,
                  0.19306578009973874,
                  0.15886962716694375,
                  0.12752315364521494,
                  0.09736404654476372,
                  0.07005461885537878,
                  0.036333412491094785
            ],
            "length": [
                  33.56651864165281,
                  28.267684635478503,
                  22.968850629304207,
                  18.74464022797435,
                  16.4010211351223,
                  14.057402042270246,
                  11.713782949418182,
                  10.19524103538352,
                  8.986103063405373,
                  7.776965091427214,
                  6.5995677986226635,
                  5.739577297554013,
                  4.879586796485408,
                  4.019596295416773,
                  3.2462479221087555,
                  2.576870102113514,
                  1.9074922821182498,
                  1.2381144621230074,
                  0.6140251721681286
            ]
      }
}