{
      "rdvq": {
            "alpha": [
                  0.05,
                  0.1,
                  0.15000000000000002,
                  0.2,
                  0.25,
                  0.3,
                  0.35000000000000003,
                  0.4,
                  0.45,
                  0.5,
                  0.55,
                  0.6000000000000001,
                  0.6500000000000001,
                  0.7000000000000001,
                  0.7500000000000001,
                  0.8,
                  0.8500000000000001,
                  0.9000000000000001,
                  0.9500000000000001
            ],
            "cvg": [
                  0.4565286120771419,
                  0.438507745810939,
                  0.412899146380019,
                  0.38634208030350936,
                  0.3721150806196649,
                  0.33860259247549795,
                  0.30825165981662983,
                  0.28295921593423967,
                  0.2516598166297819,
                  0.223205817262093,
                  0.19696490673411315,
                  0.17609864053114133,
                  0.15839392981346823,
                  0.13657919696490672,
                  0.11318368637369591,
                  0.09073664242807467,
                  0.06892190957951316,
                  0.04679102118242173,
                  0.02371166613974074
            ],
            "length": [
                  10.109763937190428,
                  9.464548424491513,
                  8.8193329117926,
                  8.17411739909369,
                  7.528901886394772,
                  6.883686373695856,
                  6.238470860996939,
                  5.593255348298031,
                  4.948039835599115,
                  4.302824322900201,
                  3.872541890610176,
                  3.4422594583201573,
                  3.011977026030136,
                  2.5816945937401243,
                  2.1514121614500876,
                  1.721129729160076,
                  1.290847296870054,
                  0.8605648645800431,
                  0.4302824322900144
            ]
      },
      "dmmld": {
            "alpha": [
                  0.05,
                  0.1,
                  0.15000000000000002,
                  0.2,
                  0.25,
                  0.3,
                  0.35000000000000003,
                  0.4,
                  0.45,
                  0.5,
                  0.55,
                  0.6000000000000001,
                  0.6500000000000001,
                  0.7000000000000001,
                  0.7500000000000001,
                  0.8,
                  0.8500000000000001,
                  0.9000000000000001,
                  0.9500000000000001
            ],
            "cvg": [
                  0.3958679648539539,
                  0.37781999525053434,
                  0.3526478271194491,
                  0.32700071241985273,
                  0.30586559012111136,
                  0.27546900973640465,
                  0.2495844217525528,
                  0.22559962004274514,
                  0.1973402992163381,
                  0.17596770363334124,
                  0.14818332937544532,
                  0.13037283305628122,
                  0.11232486345286152,
                  0.1004511992400855,
                  0.0845404891949656,
                  0.06269294704345763,
                  0.04891949655663741,
                  0.03300878651151751,
                  0.018522916171930692
            ],
            "length": [
                  9.428013931766007,
                  8.798242697696507,
                  8.168471463627009,
                  7.538700229557512,
                  6.908928995488008,
                  6.279157761418504,
                  5.649386527349002,
                  5.019615293279507,
                  4.389844059210005,
                  3.760072825140506,
                  3.38406554262645,
                  3.008058260112401,
                  2.632050977598349,
                  2.2560436950843075,
                  1.8800364125702396,
                  1.5040291300561979,
                  1.1280218475421455,
                  0.752014565028104,
                  0.3760072825140447
            ]
      }
}