{
      "dmmld": {
            "alpha": [
                  0.05,
                  0.1,
                  0.15000000000000002,
                  0.2,
                  0.25,
                  0.3,
                  0.35000000000000003,
                  0.4,
                  0.45,
                  0.5,
                  0.55,
                  0.6000000000000001,
                  0.6500000000000001,
                  0.7000000000000001,
                  0.7500000000000001,
                  0.8,
                  0.8500000000000001,
                  0.9000000000000001,
                  0.9500000000000001
            ],
            "cvg": [
                  0.9007597340930674,
                  0.8190883190883191,
                  0.7440645773979107,
                  0.6809116809116809,
                  0.6384140550807218,
                  0.6032763532763532,
                  0.5600664767331434,
                  0.5282526115859449,
                  0.49216524216524216,
                  0.4541785375118709,
                  0.41666666666666663,
                  0.3784425451092118,
                  0.32929724596391263,
                  0.27540360873694203,
                  0.2286324786324786,
                  0.18708452041785373,
                  0.13770180436847101,
                  0.08760683760683763,
                  0.03941120607787274
            ],
            "length": [
                  36.72931076427698,
                  28.669312949570248,
                  24.086744769414416,
                  20.686964801245935,
                  18.517106363970495,
                  16.686411638341614,
                  14.573680131925244,
                  13.270482959297592,
                  11.814631641099322,
                  10.617118882228386,
                  9.400260304256088,
                  8.283732046735759,
                  7.125134130900603,
                  5.929351012567466,
                  4.852073501800258,
                  3.8521350296932173,
                  2.7992342904088208,
                  1.8053667094650945,
                  0.9028365173617459
            ],
            "deviation": [
                  3.104121502249995,
                  3.5044078345878673,
                  3.6756765087963976,
                  3.9331234142492546,
                  4.156821755987287,
                  4.397237876135581,
                  4.693039140925366,
                  4.845907592934991,
                  5.037671355114884,
                  5.146458632574376,
                  5.295150119411166,
                  5.424479313693041,
                  5.512740005656673,
                  5.621008643002639,
                  5.760588782178095,
                  5.923485323460065,
                  6.072793878082776,
                  6.207233903378197,
                  6.327972081812181
            ]
      }
}