{
      "dmmld": {
            "alpha": [
                  0.05,
                  0.1,
                  0.15000000000000002,
                  0.2,
                  0.25,
                  0.3,
                  0.35000000000000003,
                  0.4,
                  0.45,
                  0.5,
                  0.55,
                  0.6000000000000001,
                  0.6500000000000001,
                  0.7000000000000001,
                  0.7500000000000001,
                  0.8,
                  0.8500000000000001,
                  0.9000000000000001,
                  0.9500000000000001
            ],
            "cvg": [
                  0.9651442307692307,
                  0.9350961538461539,
                  0.9110576923076923,
                  0.8924278846153846,
                  0.8774038461538461,
                  0.8575721153846154,
                  0.8359375,
                  0.8040865384615384,
                  0.7578125,
                  0.6875,
                  0.6153846153846154,
                  0.5444711538461539,
                  0.45853365384615385,
                  0.39002403846153844,
                  0.3407451923076923,
                  0.27463942307692313,
                  0.19591346153846156,
                  0.1298076923076923,
                  0.06069711538461542
            ],
            "length": [
                  30.286283701743248,
                  23.065569010677756,
                  20.025045300136192,
                  18.311613965077886,
                  17.079848013706417,
                  16.018158862927177,
                  15.068757139313142,
                  14.028829587441543,
                  12.942823500247453,
                  11.591238024541816,
                  10.406542626751751,
                  9.338347796411616,
                  8.080852215280519,
                  6.982721056053993,
                  5.949424982378755,
                  4.820240106589543,
                  3.63709717013515,
                  2.612233217516523,
                  1.21997416143058
            ]
      }
}