{
      "rdvq": {
            "alpha": [
                  0.05,
                  0.1,
                  0.15000000000000002,
                  0.2,
                  0.25,
                  0.3,
                  0.35000000000000003,
                  0.4,
                  0.45,
                  0.5,
                  0.55,
                  0.6000000000000001,
                  0.6500000000000001,
                  0.7000000000000001,
                  0.7500000000000001,
                  0.8,
                  0.8500000000000001,
                  0.9000000000000001,
                  0.9500000000000001
            ],
            "cvg": [
                  0.8416060701865318,
                  0.8197913373379703,
                  0.7736326272526083,
                  0.6841606070186532,
                  0.659184318684793,
                  0.6168194751817895,
                  0.5504268099905154,
                  0.4875118558330699,
                  0.4565286120771419,
                  0.4072083465064812,
                  0.34808725893139425,
                  0.3202655706607651,
                  0.28201074928865,
                  0.2466013278533038,
                  0.19728106228264308,
                  0.15776161871640848,
                  0.11349984192222573,
                  0.07682579829276004,
                  0.039203288017704674
            ],
            "length": [
                  35.5654189061018,
                  29.487840657603535,
                  23.410262409105282,
                  18.596686689851406,
                  15.995115396775214,
                  13.393544103699021,
                  10.791972810622816,
                  9.273828643692699,
                  8.161969649067347,
                  7.050110654441987,
                  5.97262092949732,
                  5.238823901359458,
                  4.505026873221638,
                  3.771229845083789,
                  3.0846980714511463,
                  2.4548846032247886,
                  1.825071134998409,
                  1.1952576667720498,
                  0.5944103699019891
            ]
      },
      "dmmld": {
            "alpha": [
                  0.05,
                  0.1,
                  0.15000000000000002,
                  0.2,
                  0.25,
                  0.3,
                  0.35000000000000003,
                  0.4,
                  0.45,
                  0.5,
                  0.55,
                  0.6000000000000001,
                  0.6500000000000001,
                  0.7000000000000001,
                  0.7500000000000001,
                  0.8,
                  0.8500000000000001,
                  0.9000000000000001,
                  0.9500000000000001
            ],
            "cvg": [
                  0.9399038461538461,
                  0.9248798076923077,
                  0.9014423076923077,
                  0.8419471153846154,
                  0.8052884615384616,
                  0.7650240384615384,
                  0.7025240384615384,
                  0.6243990384615384,
                  0.5631009615384616,
                  0.46814903846153844,
                  0.375,
                  0.3311298076923077,
                  0.26802884615384615,
                  0.2217548076923077,
                  0.1875,
                  0.15024038461538458,
                  0.11478365384615385,
                  0.08473557692307687,
                  0.046274038461538436
            ],
            "length": [
                  34.570468749999996,
                  28.852716346153837,
                  23.1349639423077,
                  18.66795673076923,
                  16.38975360576923,
                  14.11155048076923,
                  11.833347355769218,
                  10.257596153846153,
                  8.945264423076926,
                  7.632932692307692,
                  6.365336538461548,
                  5.545096153846144,
                  4.724855769230784,
                  3.9046153846153917,
                  3.163792067307685,
                  2.5182692307692323,
                  1.8727463942307574,
                  1.2272235576923047,
                  0.6104206730769207
            ]
      }
}