{
      "rdvq": {
            "alpha": [
                  0.05,
                  0.1,
                  0.15000000000000002,
                  0.2,
                  0.25,
                  0.3,
                  0.35000000000000003,
                  0.4,
                  0.45,
                  0.5,
                  0.55,
                  0.6000000000000001,
                  0.6500000000000001,
                  0.7000000000000001,
                  0.7500000000000001,
                  0.8,
                  0.8500000000000001,
                  0.9000000000000001,
                  0.9500000000000001
            ],
            "cvg": [
                  0.4565286120771419,
                  0.438507745810939,
                  0.412899146380019,
                  0.38634208030350936,
                  0.3721150806196649,
                  0.33860259247549795,
                  0.30825165981662983,
                  0.28295921593423967,
                  0.2516598166297819,
                  0.223205817262093,
                  0.19696490673411315,
                  0.17609864053114133,
                  0.15839392981346823,
                  0.13657919696490672,
                  0.11318368637369591,
                  0.09073664242807467,
                  0.06892190957951316,
                  0.04679102118242173,
                  0.02371166613974074
            ],
            "length": [
                  10.109763937190428,
                  9.464548424491513,
                  8.8193329117926,
                  8.17411739909369,
                  7.528901886394772,
                  6.883686373695856,
                  6.238470860996939,
                  5.593255348298031,
                  4.948039835599115,
                  4.302824322900201,
                  3.872541890610176,
                  3.4422594583201573,
                  3.011977026030136,
                  2.5816945937401243,
                  2.1514121614500876,
                  1.721129729160076,
                  1.290847296870054,
                  0.8605648645800431,
                  0.4302824322900144
            ]
      },
      "dmmld": {
            "alpha": [
                  0.05,
                  0.1,
                  0.15000000000000002,
                  0.2,
                  0.25,
                  0.3,
                  0.35000000000000003,
                  0.4,
                  0.45,
                  0.5,
                  0.55,
                  0.6000000000000001,
                  0.6500000000000001,
                  0.7000000000000001,
                  0.7500000000000001,
                  0.8,
                  0.8500000000000001,
                  0.9000000000000001,
                  0.9500000000000001
            ],
            "cvg": [
                  0.49879807692307687,
                  0.4813701923076923,
                  0.453125,
                  0.4236778846153846,
                  0.3984375,
                  0.3557692307692307,
                  0.31971153846153844,
                  0.2926682692307693,
                  0.2548076923076923,
                  0.22536057692307687,
                  0.18930288461538458,
                  0.16346153846153844,
                  0.13882211538461542,
                  0.12560096153846156,
                  0.11237980769230771,
                  0.08353365384615385,
                  0.06790865384615385,
                  0.04867788461538458,
                  0.02824519230769229
            ],
            "length": [
                  9.176021634615381,
                  8.546554487179485,
                  7.91708733974359,
                  7.2876201923076955,
                  6.658153044871796,
                  6.028685897435894,
                  5.399218749999995,
                  4.769751602564105,
                  4.140284455128206,
                  3.5108173076923075,
                  3.1597355769230733,
                  2.808653846153843,
                  2.4575721153846115,
                  2.1064903846153893,
                  1.7554086538461413,
                  1.4043269230769189,
                  1.053245192307686,
                  0.7021634615384651,
                  0.3510817307692241
            ]
      }
}