{
      "rdvq": {
            "alpha": [
                  0.05,
                  0.1,
                  0.15000000000000002,
                  0.2,
                  0.25,
                  0.3,
                  0.35000000000000003,
                  0.4,
                  0.45,
                  0.5,
                  0.55,
                  0.6000000000000001,
                  0.6500000000000001,
                  0.7000000000000001,
                  0.7500000000000001,
                  0.8,
                  0.8500000000000001,
                  0.9000000000000001,
                  0.9500000000000001
            ],
            "cvg": [
                  0.9680682895984825,
                  0.9481504900411002,
                  0.9323427126146064,
                  0.9010433133101486,
                  0.8681631362630414,
                  0.8289598482453366,
                  0.7853303825482137,
                  0.7366424280746127,
                  0.687006006955422,
                  0.6392665191274107,
                  0.5864685425229212,
                  0.5336705659184319,
                  0.4739171672462852,
                  0.4144799241226683,
                  0.3531457477078723,
                  0.29465697122984513,
                  0.23964590578564648,
                  0.17767941827379075,
                  0.1172937085045842
            ],
            "length": [
                  64.2914163768574,
                  43.91274106860573,
                  34.537306354726525,
                  28.12273158393929,
                  23.462298450837814,
                  19.452892823269053,
                  16.168495099589002,
                  13.96079671198229,
                  12.134018337021809,
                  10.601327853303825,
                  9.235267151438512,
                  8.003793866582363,
                  6.8492886500158,
                  5.733417641479604,
                  4.709611128675308,
                  3.706607650964278,
                  2.738128359152708,
                  1.8166930129623708,
                  0.8919854568447642
            ]
      },
      "dmmld": {
            "alpha": [
                  0.05,
                  0.1,
                  0.15000000000000002,
                  0.2,
                  0.25,
                  0.3,
                  0.35000000000000003,
                  0.4,
                  0.45,
                  0.5,
                  0.55,
                  0.6000000000000001,
                  0.6500000000000001,
                  0.7000000000000001,
                  0.7500000000000001,
                  0.8,
                  0.8500000000000001,
                  0.9000000000000001,
                  0.9500000000000001
            ],
            "cvg": [
                  0.9951923076923077,
                  0.9879807692307693,
                  0.9771634615384616,
                  0.9609375,
                  0.9417067307692307,
                  0.9008413461538461,
                  0.8653846153846154,
                  0.8118990384615384,
                  0.7608173076923077,
                  0.7025240384615384,
                  0.6280048076923077,
                  0.5588942307692308,
                  0.49879807692307687,
                  0.43209134615384615,
                  0.3731971153846154,
                  0.2986778846153846,
                  0.234375,
                  0.16766826923076927,
                  0.10336538461538458
            ],
            "length": [
                  56.23146033653845,
                  39.3872596153846,
                  30.94678485576923,
                  25.49062499999999,
                  21.680889423076923,
                  18.853725961538466,
                  16.52211538461539,
                  14.599759615384606,
                  12.83918269230769,
                  11.212740384615385,
                  9.696093750000005,
                  8.373557692307697,
                  7.172776442307684,
                  6.004507211538457,
                  4.970102163461538,
                  3.8877403846153884,
                  2.8690504807692365,
                  1.8786057692307616,
                  0.8882812499999966
            ]
      }
}