{
      "dmmld": {
            "alpha": [
                  0.05,
                  0.1,
                  0.15000000000000002,
                  0.2,
                  0.25,
                  0.3,
                  0.35000000000000003,
                  0.4,
                  0.45,
                  0.5,
                  0.55,
                  0.6000000000000001,
                  0.6500000000000001,
                  0.7000000000000001,
                  0.7500000000000001,
                  0.8,
                  0.8500000000000001,
                  0.9000000000000001,
                  0.9500000000000001
            ],
            "cvg": [
                  0.9007361671811921,
                  0.8190453573972928,
                  0.7442412728568036,
                  0.6810733792448349,
                  0.6385656613630967,
                  0.6034196152932796,
                  0.5601994775587746,
                  0.5283780574685348,
                  0.49228211826169554,
                  0.4542863927808122,
                  0.4167656138684398,
                  0.3785324151033008,
                  0.32937544526240803,
                  0.27546900973640465,
                  0.22868677273806692,
                  0.18712894799335078,
                  0.13773450486820238,
                  0.08762764189028738,
                  0.03942056518641657
            ],
            "length": [
                  36.73298799304263,
                  28.67218323545586,
                  24.089156262276628,
                  20.68903591830375,
                  18.51896024128987,
                  16.688082231979198,
                  14.575139205201886,
                  13.271811560370201,
                  11.815814486691158,
                  10.618181836423602,
                  9.401201430209158,
                  8.284561389218291,
                  7.125847478024218,
                  5.929944641460805,
                  4.852559276890606,
                  3.852520693933749,
                  2.7995145413757156,
                  1.8055474573818182,
                  0.9029269066542057
            ]
      }
}