{
      "rdvq": {
            "alpha": [
                  0.05,
                  0.1,
                  0.15000000000000002,
                  0.2,
                  0.25,
                  0.3,
                  0.35000000000000003,
                  0.4,
                  0.45,
                  0.5,
                  0.55,
                  0.6000000000000001,
                  0.6500000000000001,
                  0.7000000000000001,
                  0.7500000000000001,
                  0.8,
                  0.8500000000000001,
                  0.9000000000000001,
                  0.9500000000000001
            ],
            "cvg": [
                  0.8416060701865318,
                  0.8197913373379703,
                  0.7736326272526083,
                  0.6841606070186532,
                  0.659184318684793,
                  0.6168194751817895,
                  0.5504268099905154,
                  0.4875118558330699,
                  0.4565286120771419,
                  0.4072083465064812,
                  0.34808725893139425,
                  0.3202655706607651,
                  0.28201074928865,
                  0.2466013278533038,
                  0.19728106228264308,
                  0.15776161871640848,
                  0.11349984192222573,
                  0.07682579829276004,
                  0.039203288017704674
            ],
            "length": [
                  35.5654189061018,
                  29.487840657603535,
                  23.410262409105282,
                  18.596686689851406,
                  15.995115396775214,
                  13.393544103699021,
                  10.791972810622816,
                  9.273828643692699,
                  8.161969649067347,
                  7.050110654441987,
                  5.97262092949732,
                  5.238823901359458,
                  4.505026873221638,
                  3.771229845083789,
                  3.0846980714511463,
                  2.4548846032247886,
                  1.825071134998409,
                  1.1952576667720498,
                  0.5944103699019891
            ],
            "deviation": [
                  7.4997804391217615,
                  7.195719298245616,
                  6.553086592178774,
                  5.706786786786792,
                  5.692949907235623,
                  5.539290429042905,
                  5.315815752461327,
                  5.126020974706972,
                  5.204240837696334,
                  5.1816,
                  5.15451503394762,
                  5.253153488372099,
                  5.303306913254067,
                  5.410482584976916,
                  5.411205198897209,
                  5.454309309309309,
                  5.504286733238237,
                  5.629883561643837,
                  5.692270483711749
            ]
      },
      "dmmld": {
            "alpha": [
                  0.05,
                  0.1,
                  0.15000000000000002,
                  0.2,
                  0.25,
                  0.3,
                  0.35000000000000003,
                  0.4,
                  0.45,
                  0.5,
                  0.55,
                  0.6000000000000001,
                  0.6500000000000001,
                  0.7000000000000001,
                  0.7500000000000001,
                  0.8,
                  0.8500000000000001,
                  0.9000000000000001,
                  0.9500000000000001
            ],
            "cvg": [
                  0.8005698005698005,
                  0.7723171889838556,
                  0.7231718898385565,
                  0.6431623931623931,
                  0.6132478632478633,
                  0.5740740740740741,
                  0.5235042735042735,
                  0.4710351377018044,
                  0.4275878442545109,
                  0.3682336182336182,
                  0.30626780626780625,
                  0.2758784425451092,
                  0.23338081671415,
                  0.19301994301994307,
                  0.15883190883190879,
                  0.12749287749287752,
                  0.09734093067426397,
                  0.07003798670465333,
                  0.03632478632478631
            ],
            "length": [
                  33.56313865147199,
                  28.265118708452036,
                  22.9670987654321,
                  18.743437796771126,
                  16.399905033238365,
                  14.056372269705603,
                  11.712839506172829,
                  10.194301994301997,
                  8.985137701804375,
                  7.775973409306743,
                  6.598563627730302,
                  5.73869895536561,
                  4.878834283000962,
                  4.018969610636285,
                  3.2457264957264886,
                  2.576429249762585,
                  1.9071320037986588,
                  1.237834757834754,
                  0.613879392212723
            ],
            "deviation": [
                  3.9125595238095285,
                  3.943712200208551,
                  3.93663807890223,
                  3.968649367930807,
                  4.035481890730511,
                  4.092876254180602,
                  4.188629795715003,
                  4.181077199281867,
                  4.241314807133967,
                  4.302593010146561,
                  4.450978781656395,
                  4.591554098360662,
                  4.694914834314023,
                  4.853015592821414,
                  5.020025402201528,
                  5.143847619047618,
                  5.297982640715419,
                  5.48770998212918,
                  5.595119487558513
            ]
      }
}