{
      "rdvq": {
            "alpha": [
                  0.05,
                  0.1,
                  0.15000000000000002,
                  0.2,
                  0.25,
                  0.3,
                  0.35000000000000003,
                  0.4,
                  0.45,
                  0.5,
                  0.55,
                  0.6000000000000001,
                  0.6500000000000001,
                  0.7000000000000001,
                  0.7500000000000001,
                  0.8,
                  0.8500000000000001,
                  0.9000000000000001,
                  0.9500000000000001
            ],
            "cvg": [
                  0.9680682895984825,
                  0.9481504900411002,
                  0.9323427126146064,
                  0.9010433133101486,
                  0.8681631362630414,
                  0.8289598482453366,
                  0.7853303825482137,
                  0.7366424280746127,
                  0.687006006955422,
                  0.6392665191274107,
                  0.5864685425229212,
                  0.5336705659184319,
                  0.4739171672462852,
                  0.4144799241226683,
                  0.3531457477078723,
                  0.29465697122984513,
                  0.23964590578564648,
                  0.17767941827379075,
                  0.1172937085045842
            ],
            "length": [
                  64.2914163768574,
                  43.91274106860573,
                  34.537306354726525,
                  28.12273158393929,
                  23.462298450837814,
                  19.452892823269053,
                  16.168495099589002,
                  13.96079671198229,
                  12.134018337021809,
                  10.601327853303825,
                  9.235267151438512,
                  8.003793866582363,
                  6.8492886500158,
                  5.733417641479604,
                  4.709611128675308,
                  3.706607650964278,
                  2.738128359152708,
                  1.8166930129623708,
                  0.8919854568447642
            ],
            "deviation": [
                  12.84207920792079,
                  9.807317073170733,
                  8.783644859813085,
                  7.242172523961662,
                  6.842326139088729,
                  6.424214417744913,
                  6.090427098674518,
                  5.966146458583435,
                  5.83787878787879,
                  5.749780893952673,
                  5.635932721712536,
                  5.621559322033895,
                  5.554957932692312,
                  5.559449244060478,
                  5.5874877810361685,
                  5.633617212012548,
                  5.743492723492721,
                  5.763206459054214,
                  5.85804083094556
            ]
      },
      "dmmld": {
            "alpha": [
                  0.05,
                  0.1,
                  0.15000000000000002,
                  0.2,
                  0.25,
                  0.3,
                  0.35000000000000003,
                  0.4,
                  0.45,
                  0.5,
                  0.55,
                  0.6000000000000001,
                  0.6500000000000001,
                  0.7000000000000001,
                  0.7500000000000001,
                  0.8,
                  0.8500000000000001,
                  0.9000000000000001,
                  0.9500000000000001
            ],
            "cvg": [
                  0.9472934472934473,
                  0.8969610636277303,
                  0.8573124406457739,
                  0.8126780626780626,
                  0.7716049382716049,
                  0.7224596391263058,
                  0.679249762583096,
                  0.6282051282051282,
                  0.5802469135802469,
                  0.5311016144349477,
                  0.4774453941120608,
                  0.4247388414055081,
                  0.37678062678062674,
                  0.32953466286799615,
                  0.2799145299145299,
                  0.22934472934472938,
                  0.18091168091168086,
                  0.13247863247863245,
                  0.08119658119658124
            ],
            "length": [
                  57.44284188034187,
                  40.47072649572648,
                  32.138366571699905,
                  26.42079772079771,
                  22.24804131054131,
                  19.105199430199434,
                  16.272780151946826,
                  14.151377018043679,
                  12.450819088319085,
                  10.903371320037987,
                  9.502018043684714,
                  8.233713200379873,
                  7.050071225071217,
                  5.912559354226016,
                  4.875178062678063,
                  3.8422602089268794,
                  2.8398148148148197,
                  1.8778252611585877,
                  0.9216642924976222
            ],
            "deviation": [
                  3.4036036036036013,
                  3.2569124423963167,
                  3.4406821963394365,
                  3.6210392902408133,
                  3.788981288981289,
                  3.810350727117191,
                  3.9908216136195387,
                  4.140357598978292,
                  4.26829751131222,
                  4.43367088607595,
                  4.580440708768739,
                  4.706562113082953,
                  4.875771428571432,
                  5.011685552407934,
                  5.155044510385757,
                  5.3277880468268615,
                  5.536260869565215,
                  5.71899288451013,
                  5.904741602067185
            ]
      }
}